tenure,MonthlyCharges,TotalCharges
9.0,35.824999999999996,406.6375
56.0,89.9,3836.2125
47.0,54.07500000000001,3429.5750000000003
