tenure,MonthlyCharges,TotalCharges
9.0,35.324999999999996,400.70000000000005
55.0,89.85,3801.5
46.0,54.525,3400.8
